{"cameraMode":{"drawMode":0,"name":"Shaded","section":"Shading Mode"},"sceneLighting":true,"audioPlay":false,"sceneViewState":{"m_AlwaysRefresh":false,"showFog":true,"showSkybox":true,"showFlares":true,"showImageEffects":true,"showParticleSystems":true,"showVisualEffectGraphs":true,"m_FxEnabled":true},"in2DMode":false,"pivot":{"x":19.77711296081543,"y":-3.4567742347717287,"z":-5.283433437347412},"rotation":{"x":0.033054664731025699,"y":-0.9665626287460327,"z":0.19453461468219758,"w":0.16426844894886018},"size":7.8172712326049809,"orthographic":false}