{"cameraMode":{"drawMode":0,"name":"Shaded","section":"Shading Mode"},"sceneLighting":false,"audioPlay":false,"sceneViewState":{"m_AlwaysRefresh":false,"showFog":true,"showSkybox":false,"showFlares":true,"showImageEffects":true,"showParticleSystems":true,"showVisualEffectGraphs":true,"m_FxEnabled":true},"in2DMode":false,"pivot":{"x":0.000947117805480957,"y":0.5015580654144287,"z":0.0026056766510009767},"rotation":{"x":-0.21391524374485017,"y":-0.7823560833930969,"z":0.3681635558605194,"w":-0.4547109305858612},"size":1.9787380695343018,"orthographic":false}