{"cameraMode":{"drawMode":0,"name":"Shaded","section":"Shading Mode"},"sceneLighting":false,"audioPlay":false,"sceneViewState":{"m_AlwaysRefresh":false,"showFog":true,"showSkybox":false,"showFlares":true,"showImageEffects":true,"showParticleSystems":true,"showVisualEffectGraphs":true,"m_FxEnabled":true},"in2DMode":false,"pivot":{"x":0.00044292211532592773,"y":0.23454594612121583,"z":0.0012184977531433106},"rotation":{"x":-0.21391524374485017,"y":-0.7823560833930969,"z":0.3681635558605194,"w":-0.4547109305858612},"size":0.9253266453742981,"orthographic":false}